{
    "MSE": 0.8117163839450187,
    "R2": 0.228591312309245
}